date_visit,n_stay,n_people,n_room,amount_fee,n_reserve
2023-10-25,0,0,0,0,0
2023-10-26,0,0,0,0,0
2023-10-27,5,13,5,202950,5
2023-10-28,0,0,0,0,0
2023-10-29,3,6,3,95700,3
2023-10-30,4,8,4,134600,4
2023-10-31,2,5,2,185700,2
2023-11-01,8,11,6,258900,6
2023-11-02,19,45,20,1050300,17
2023-11-03,18,50,19,1246100,18
2023-11-04,18,43,18,1003100,18
2023-11-05,11,27,11,501100,11
2023-11-06,7,12,6,375160,5
2023-11-07,1,4,2,112560,1
2023-11-08,7,14,8,324910,7
2023-11-09,17,27,15,820066,15
2023-11-10,16,37,17,962366,15
2023-11-11,16,47,18,1130516,16
2023-11-12,11,25,11,629200,11
2023-11-13,13,29,13,735100,13
2023-11-14,9,21,9,593900,9
2023-11-15,8,26,8,560500,8
2023-11-16,14,33,14,743800,14
2023-11-17,13,30,13,712400,13
2023-11-18,10,21,10,742100,10
2023-11-19,20,46,20,1045100,20
2023-11-20,8,17,8,595700,8
2023-11-21,6,13,6,322100,6
2023-11-22,16,33,16,907500,16
2023-11-23,15,37,16,929100,15
2023-11-24,30,87,33,1384050,30
2023-11-25,20,58,21,1411100,20
2023-11-26,19,48,19,1193700,19
2023-11-27,6,15,7,596100,6
2023-11-28,10,16,9,296800,9
2023-11-29,4,10,5,355800,4
2023-11-30,4,10,4,144100,4
2023-12-01,10,21,10,486150,10
2023-12-02,17,51,17,1201000,17
2023-12-03,8,18,8,442700,8
2023-12-04,3,10,3,194550,3
2023-12-05,1,3,1,39600,1
2023-12-06,4,5,3,71500,3
2023-12-07,5,11,6,424000,5
2023-12-08,8,21,8,383200,8
2023-12-09,10,37,11,743000,10
2023-12-10,11,25,11,650200,11
2023-12-11,11,27,8,471950,8
2023-12-12,11,32,13,779950,11
2023-12-13,5,12,6,182700,5
2023-12-14,3,6,3,183300,3
2023-12-15,8,19,9,448300,8
2023-12-16,9,23,9,742200,9
2023-12-17,10,24,11,716950,10
2023-12-18,4,8,4,143400,4
2023-12-19,1,2,1,95800,1
2023-12-20,6,13,6,195250,6
2023-12-21,2,5,2,123300,2
2023-12-22,8,21,9,570600,8
2023-12-23,12,25,12,794460,12
2023-12-24,6,14,6,332200,6
2023-12-25,24,32,23,347310,23
2023-12-26,19,24,20,209750,19
2023-12-27,23,36,23,588950,23
2023-12-28,30,41,30,828600,30
2023-12-29,32,51,32,1212100,32
2023-12-30,29,43,29,909650,29
2023-12-31,24,42,24,1080300,24
2024-01-01,22,48,23,1244000,21
2024-01-02,18,29,18,547550,18
2024-01-03,1,1,1,7150,1
2024-01-04,16,38,16,859000,16
2024-01-05,18,30,19,571353,18
2024-01-06,24,37,24,690950,24
2024-01-07,12,27,13,529200,12
2024-01-08,16,28,17,475850,16
2024-01-09,21,25,22,468800,21
2024-01-10,26,29,26,276500,26
2024-01-11,23,26,23,219850,23
2024-01-12,28,50,28,531150,28
2024-01-13,33,56,33,695950,33
2024-01-14,28,37,28,613750,28
2024-01-15,44,50,44,872010,44
2024-01-16,31,32,31,332850,31
2024-01-17,139,93,77,968460,64
2024-01-18,136,94,76,1118550,63
2024-01-19,109,129,84,1712170,56
2024-01-20,62,74,49,1265990,47
2024-01-21,58,99,72,1690715,38
2024-01-22,74,56,47,407340,47
2024-01-23,108,126,93,1409895,75
2024-01-24,113,83,74,661180,73
2024-01-25,96,121,100,1565930,63
2024-01-26,67,81,59,996340,39
2024-01-27,67,99,53,2054260,43
2024-01-28,46,40,28,517100,25
2024-01-29,92,124,80,1429640,60
2024-01-30,75,49,46,398290,40
2024-01-31,69,62,50,571430,40
2024-02-01,77,85,64,806960,50
2024-02-02,62,75,56,837648,42
2024-02-03,69,61,37,993623,34
2024-02-04,90,63,47,793555,45
2024-02-05,116,87,66,1092335,64
2024-02-06,135,112,90,1290785,73
2024-02-07,77,57,45,623430,25
2024-02-08,108,120,80,1765955,63
2024-02-09,51,86,50,1440370,26
2024-02-10,94,169,85,3136540,60
2024-02-11,86,110,64,2138480,54
2024-02-12,73,97,69,1325190,45
2024-02-13,82,81,61,1159950,51
2024-02-14,73,79,56,816380,41
2024-02-15,62,70,52,793790,29
2024-02-16,49,62,36,881155,20
2024-02-17,42,77,30,1606450,17
2024-02-18,59,81,34,1414260,24
2024-02-19,77,48,40,622630,37
2024-02-20,75,68,53,675930,36
2024-02-21,87,70,57,873140,42
2024-02-22,86,67,53,975360,50
2024-02-23,77,167,79,3036515,56
2024-02-24,79,126,87,1928530,63
2024-02-25,73,76,45,1131370,43
2024-02-26,89,98,74,1267035,51
2024-02-27,83,87,66,1012565,47
2024-02-28,101,106,72,1245010,56
2024-02-29,96,60,51,593800,49
2024-03-01,66,123,82,1610370,46
2024-03-02,91,194,130,2725700,74
2024-03-03,95,89,54,1319530,54
2024-03-04,101,85,61,1050300,51
2024-03-05,109,122,89,1361470,55
2024-03-06,123,77,67,726130,61
2024-03-07,150,126,101,1390560,86
2024-03-08,112,153,96,2041000,63
2024-03-09,136,220,103,3766669,86
2024-03-10,111,132,74,2048120,56
2024-03-11,158,113,79,1167875,79
2024-03-12,158,105,77,1357565,78
2024-03-13,140,146,98,1640340,69
2024-03-14,117,132,78,1824380,38
2024-03-15,104,145,85,2477050,61
2024-03-16,153,259,126,4217264,107
2024-03-17,154,165,99,2840140,98
2024-03-18,148,166,107,2513590,91
2024-03-19,93,114,56,2259355,35
2024-03-20,128,152,90,2618450,73
2024-03-21,156,167,114,2596560,98
2024-03-22,145,181,100,2857205,89
2024-03-23,135,221,103,4135070,88
2024-03-24,135,203,85,3323575,81
2024-03-25,109,153,78,2711110,49
2024-03-26,122,180,114,2858720,64
2024-03-27,125,147,91,1778264,70
2024-03-28,117,116,72,1765515,70
2024-03-29,121,202,113,3179700,76
2024-03-30,110,238,116,4084622,82
2024-03-31,75,151,85,2399740,50
2024-04-01,74,90,57,1204360,44
2024-04-02,67,96,56,1416800,37
2024-04-03,60,92,60,1106010,31
2024-04-04,48,43,25,791710,13
2024-04-05,81,84,54,1269950,46
2024-04-06,85,176,102,3169450,55
2024-04-07,86,138,91,2230620,51
2024-04-08,75,79,48,1203070,37
2024-04-09,58,67,57,1133100,20
2024-04-10,87,124,90,1511380,51
2024-04-11,65,125,83,1967510,30
2024-04-12,61,119,69,1942380,30
2024-04-13,106,238,129,3819650,87
2024-04-14,100,172,102,2806400,82
2024-04-15,76,135,88,1984834,55
2024-04-16,64,77,49,1124980,46
2024-04-17,65,143,90,1732730,50
2024-04-18,67,129,88,1890410,51
2024-04-19,52,165,90,2381080,42
2024-04-20,99,231,135,3550600,90
2024-04-21,60,161,93,2469940,49
2024-04-22,89,191,124,2829550,67
2024-04-23,88,135,102,1583960,65
2024-04-24,57,149,87,2390300,34
2024-04-25,76,113,80,1633630,51
2024-04-26,88,147,102,2175140,61
2024-04-27,83,136,89,2358790,67
2024-04-28,87,200,116,3509780,69
2024-04-29,78,120,77,1810880,57
2024-04-30,64,111,80,1629580,42
2024-05-01,73,132,92,1827490,51
2024-05-02,48,119,71,2074660,43
2024-05-03,112,280,125,5226815,103
2024-05-04,87,239,116,4556790,79
2024-05-05,53,158,68,2828440,50
2024-05-06,26,43,25,669490,21
2024-05-07,54,93,66,999810,43
2024-05-08,47,112,75,1309770,38
2024-05-09,51,98,73,1288810,44
2024-05-10,68,191,109,2547680,64
2024-05-11,38,147,61,2630720,36
2024-05-12,46,139,86,1991660,40
2024-05-13,76,110,77,1387070,56
2024-05-14,69,153,98,1974844,55
2024-05-15,82,128,100,1523330,66
2024-05-16,66,140,94,1770490,55
2024-05-17,62,147,96,1788720,57
2024-05-18,86,254,138,3761140,86
2024-05-19,36,130,81,1757030,33
2024-05-20,61,135,91,1566590,53
2024-05-21,36,92,59,1364350,28
2024-05-22,70,137,94,1556934,60
2024-05-23,63,170,114,1906875,57
2024-05-24,50,152,94,2283600,48
2024-05-25,68,129,71,2257297,67
2024-05-26,50,131,76,1832470,47
2024-05-27,68,114,89,1483160,61
2024-05-28,61,103,72,1464480,53
2024-05-29,53,93,67,1159390,41
2024-05-30,56,117,78,1401210,49
2024-05-31,42,76,52,1156060,38
2024-06-01,57,105,56,1833614,53
2024-06-02,35,101,62,1455550,30
2024-06-03,70,136,86,1465460,51
2024-06-04,78,117,83,1816780,60
2024-06-05,66,103,74,1040960,48
2024-06-06,86,130,88,1354550,65
2024-06-07,57,84,60,1196620,53
2024-06-08,69,142,80,2043960,61
2024-06-09,38,55,34,852230,33
2024-06-10,70,151,91,2073764,62
2024-06-11,55,110,68,1399364,44
2024-06-12,61,100,81,917120,53
2024-06-13,40,135,95,1753740,38
2024-06-14,49,126,67,4001950,47
2024-06-15,58,133,61,2175590,57
2024-06-16,44,99,56,1443550,36
2024-06-17,74,89,69,1005090,63
2024-06-18,63,104,68,1171870,53
2024-06-19,50,98,70,986860,43
2024-06-20,30,95,58,1418610,22
2024-06-21,92,153,113,1707650,89
2024-06-22,36,145,77,2632670,36
2024-06-23,22,87,56,1265420,19
2024-06-24,61,58,53,566246,53
2024-06-25,56,117,98,1536450,51
2024-06-26,57,101,75,1102890,50
2024-06-27,70,126,94,1612390,63
2024-06-28,77,115,86,1249198,70
2024-06-29,67,117,73,1689480,66
2024-06-30,27,72,42,1228860,26
2024-07-01,47,55,48,700670,46
2024-07-02,53,66,54,642830,47
2024-07-03,51,93,65,907290,41
2024-07-04,61,117,75,1516018,53
2024-07-05,50,84,51,1124605,44
2024-07-06,70,151,78,2101370,67
2024-07-07,44,67,44,805650,38
2024-07-08,65,67,53,864790,48
2024-07-09,70,92,65,1082610,52
2024-07-10,83,101,75,1035950,58
2024-07-11,102,90,75,999430,70
2024-07-12,66,136,94,1875115,57
2024-07-13,112,266,118,4027772,102
2024-07-14,96,239,114,3645120,87
2024-07-15,52,71,48,848264,47
2024-07-16,48,55,44,455464,43
2024-07-17,54,142,99,1554850,49
2024-07-18,70,120,95,1581300,65
2024-07-19,84,141,108,1928850,80
2024-07-20,82,154,78,2296602,78
2024-07-21,51,134,70,2015434,49
2024-07-22,48,97,52,1292750,48
2024-07-23,45,84,57,1067310,45
2024-07-24,36,85,57,844370,35
2024-07-25,85,113,86,1471490,79
2024-07-26,81,197,101,2767917,78
2024-07-27,86,224,95,3568193,84
2024-07-28,86,230,126,3187154,78
2024-07-29,39,72,40,1150054,39
2024-07-30,111,143,84,1607287,79
2024-07-31,118,147,87,1451877,83
2024-08-01,115,236,110,3537129,101
2024-08-02,128,214,106,2761200,96
2024-08-03,138,293,123,4140980,112
2024-08-04,92,214,92,2739307,68
2024-08-05,123,196,91,2400701,88
2024-08-06,127,184,92,2187995,90
2024-08-07,116,155,80,1607750,78
2024-08-08,101,134,92,1822494,71
2024-08-09,112,196,103,2680915,85
2024-08-10,152,294,138,4953515,124
2024-08-11,152,307,138,5091550,119
2024-08-12,156,272,124,4728410,120
2024-08-13,163,280,120,4609837,118
2024-08-14,102,235,109,3773440,71
2024-08-15,115,222,94,3744920,87
2024-08-16,136,260,131,3689010,109
2024-08-17,125,247,113,3661170,95
2024-08-18,77,133,54,2030140,55
2024-08-19,98,143,72,2037640,64
2024-08-20,130,216,120,2383910,100
2024-08-21,54,100,51,1270660,27
2024-08-22,95,194,119,2069560,81
2024-08-23,70,118,57,1538143,57
2024-08-24,83,173,78,2512375,75
2024-08-25,50,114,58,1298780,37
2024-08-26,70,82,54,1085900,51
2024-08-27,67,131,73,1526910,47
2024-08-28,75,82,57,871620,46
2024-08-29,65,69,42,805650,42
2024-08-30,62,75,50,834310,41
2024-08-31,61,97,52,1468650,41
2024-09-01,49,162,86,2385400,37
2024-09-02,41,55,40,740760,34
2024-09-03,68,110,77,1291060,59
2024-09-04,70,78,59,658950,58
2024-09-05,96,123,95,1227284,82
2024-09-06,67,175,108,2280310,61
2024-09-07,68,154,75,2517643,66
2024-09-08,59,127,65,2059880,56
2024-09-09,56,84,67,1282740,50
2024-09-10,43,75,52,723850,40
2024-09-11,49,73,46,606720,42
2024-09-12,76,108,78,1286130,68
2024-09-13,74,148,89,2127151,60
2024-09-14,139,211,107,3347001,103
2024-09-15,142,246,116,3567130,106
2024-09-16,68,95,57,1451130,42
2024-09-17,84,119,86,1272324,49
2024-09-18,80,87,61,753284,51
2024-09-19,91,98,65,1207161,60
2024-09-20,78,160,95,2486324,62
2024-09-21,90,160,102,2795230,75
2024-09-22,79,142,67,2249460,68
2024-09-23,40,72,45,1115155,34
2024-09-24,97,105,71,993590,60
2024-09-25,110,137,104,1319160,74
2024-09-26,103,134,99,1342680,67
2024-09-27,107,174,109,2630760,77
2024-09-28,106,157,98,2468735,83
2024-09-29,62,107,57,1740520,47
2024-09-30,67,83,68,1081114,47
2024-10-01,39,117,81,1563080,39
2024-10-02,59,117,77,1412040,58
2024-10-03,59,73,53,1115480,53
2024-10-04,86,143,107,2141600,79
2024-10-05,57,166,78,2918290,53
2024-10-06,51,120,90,1862010,50
2024-10-07,40,64,47,835670,39
2024-10-08,45,131,94,1630530,42
2024-10-09,44,88,70,1013448,44
2024-10-10,71,110,87,1690070,67
2024-10-11,87,171,111,2324662,79
2024-10-12,88,211,97,3625480,82
2024-10-13,62,179,106,3228590,61
2024-10-14,24,86,71,1461627,24
2024-10-15,39,53,57,758674,38
2024-10-16,51,118,106,1554370,49
2024-10-17,72,187,117,2394090,67
2024-10-18,83,165,116,2391110,78
2024-10-19,85,160,126,2447010,83
2024-10-20,69,135,114,1827450,68
2024-10-21,164,161,122,2128214,82
2024-10-22,165,170,121,1970035,77
2024-10-23,168,143,100,1334440,80
2024-10-24,176,162,123,2087320,83
2024-10-25,169,198,132,2648790,111
2024-10-26,135,246,134,3307920,107
2024-10-27,128,163,102,2045450,86
2024-10-28,135,192,114,2480904,96
2024-10-29,66,79,42,1262904,34
2024-10-30,95,163,111,1668100,69
2024-10-31,79,183,107,2475210,60
2024-11-01,57,119,59,1878780,52
2024-11-02,106,250,129,4523525,98
2024-11-03,86,237,118,4262120,77
2024-11-04,72,162,91,2457266,65
2024-11-05,102,135,100,1953490,88
2024-11-06,80,138,105,1421320,67
2024-11-07,79,220,124,3086894,70
2024-11-08,91,185,109,3042160,84
2024-11-09,57,212,91,4235140,51
2024-11-10,99,212,119,3569824,88
2024-11-11,90,185,110,2565218,74
2024-11-12,97,160,111,2279424,81
2024-11-13,75,152,115,1839175,61
2024-11-14,81,136,98,2008930,63
2024-11-15,115,178,104,2642800,99
2024-11-16,138,273,138,4944545,109
2024-11-17,101,194,106,3331679,74
2024-11-18,77,137,92,2172970,57
2024-11-19,88,153,100,2453810,69
2024-11-20,74,169,101,2355684,59
2024-11-21,76,174,114,2762523,59
2024-11-22,90,185,118,2783570,76
2024-11-23,61,180,94,3621139,47
2024-11-24,79,199,109,3292090,56
2024-11-25,91,167,114,2551210,67
2024-11-26,130,191,120,2986040,95
2024-11-27,101,140,90,1745254,65
2024-11-28,120,153,105,1996650,93
2024-11-29,89,188,113,3781250,71
2024-11-30,96,192,100,3878673,83
2024-12-01,76,157,77,2508550,61
2024-12-02,59,137,87,2323350,42
2024-12-03,70,112,73,1818648,53
2024-12-04,87,189,117,2463890,65
2024-12-05,100,140,98,1974547,75
2024-12-06,78,157,96,2495110,62
2024-12-07,74,194,109,3598820,60
2024-12-08,109,145,86,2611230,67
2024-12-09,108,166,110,2432710,66
2024-12-10,112,112,90,1468570,72
2024-12-11,109,93,77,1014840,69
2024-12-12,133,134,102,1904830,93
2024-12-13,111,149,101,1957070,80
2024-12-14,93,201,109,4099840,64
2024-12-15,92,167,84,2724930,58
2024-12-16,74,79,65,1169310,49
2024-12-17,74,77,56,1116990,51
2024-12-18,68,64,52,768990,48
2024-12-19,58,91,74,1009770,38
2024-12-20,94,144,87,1809475,76
2024-12-21,76,129,62,2797570,58
2024-12-22,58,113,79,1847810,41
2024-12-23,111,71,64,824614,62
2024-12-24,98,66,50,972150,48
2024-12-25,88,71,53,1150720,42
2024-12-26,89,76,50,1137890,46
2024-12-27,88,142,74,2525070,48
2024-12-28,112,210,97,4485827,66
2024-12-29,126,211,94,4218718,83
2024-12-30,99,161,67,4297619,56
2024-12-31,82,162,80,4078159,57
2025-01-01,115,162,69,3949405,59
2025-01-02,113,143,60,3655620,55
2025-01-03,114,147,63,3478390,57
2025-01-04,96,107,53,2745860,38
2025-01-05,104,73,48,1426605,38
2025-01-06,97,40,30,703830,30
2025-01-07,121,59,50,576140,50
2025-01-08,109,69,49,793250,42
2025-01-09,130,111,83,1329960,58
2025-01-10,119,75,55,994290,49
2025-01-11,125,125,72,2693170,60
2025-01-12,102,96,44,1666140,39
2025-01-13,96,61,39,1254280,36
2025-01-14,98,65,43,841990,31
2025-01-15,119,144,100,1993960,54
2025-01-16,125,74,63,779120,61
2025-01-17,103,163,119,2010770,43
2025-01-18,115,176,118,2871110,54
2025-01-19,139,132,79,2155704,61
2025-01-20,130,106,76,1333814,59
2025-01-21,140,127,91,1772358,67
2025-01-22,125,63,53,703374,53
2025-01-23,128,82,66,904500,57
2025-01-24,135,160,99,2428465,72
2025-01-25,112,122,66,2120440,52
2025-01-26,110,145,83,2189910,52
2025-01-27,118,122,90,1343470,62
2025-01-28,100,84,61,921880,44
2025-01-29,115,125,83,1470490,59
2025-01-30,121,121,86,1634520,67
2025-01-31,92,103,63,1546510,44
2025-02-01,83,121,66,2445340,42
2025-02-02,92,92,64,1630875,49
2025-02-03,121,137,105,1787110,65
2025-02-04,125,113,87,1307140,68
2025-02-05,122,82,66,971570,65
2025-02-06,109,71,66,822131,62
2025-02-07,89,111,71,1492330,47
2025-02-08,104,135,70,2549690,61
2025-02-09,101,147,74,2884290,58
2025-02-10,111,134,103,2087125,54
2025-02-11,111,73,59,1229280,50
2025-02-12,110,89,92,1100484,49
2025-02-13,110,102,78,1440118,50
2025-02-14,107,80,57,1144920,48
2025-02-15,120,153,74,2950750,65
2025-02-16,108,137,84,2360430,45
2025-02-17,119,113,79,1562750,56
2025-02-18,107,64,50,814510,44
2025-02-19,99,55,46,498980,41
2025-02-20,98,150,101,2147510,43
2025-02-21,107,101,84,1335860,49
2025-02-22,105,129,70,3180450,51
2025-02-23,112,130,60,2890300,55
2025-02-24,111,121,70,1985320,45
2025-02-25,131,123,80,2095510,56
2025-02-26,124,111,75,1315954,49
2025-02-27,141,98,83,1276460,70
2025-02-28,115,137,81,2149080,53
2025-03-01,106,115,65,2541750,59
2025-03-02,105,148,105,2405850,58
2025-03-03,113,77,60,785240,54
2025-03-04,116,74,62,789414,55
2025-03-05,124,138,97,1560540,64
2025-03-06,127,123,93,1481760,64
2025-03-07,116,146,84,2351235,56
2025-03-08,104,129,64,3105390,52
2025-03-09,104,117,69,2019620,47
2025-03-10,146,141,96,1893020,74
2025-03-11,149,131,96,1786730,78
2025-03-12,164,158,105,2334144,92
2025-03-13,137,128,90,1732250,74
2025-03-14,121,167,102,2247760,65
2025-03-15,123,169,85,3393240,71
2025-03-16,94,142,75,2420430,50
2025-03-17,127,144,109,2158043,81
2025-03-18,115,109,90,1403430,69
2025-03-19,95,116,88,1933318,50
2025-03-20,108,201,117,3070113,67
2025-03-21,117,175,110,2827980,77
2025-03-22,118,175,85,3241170,80
2025-03-23,91,124,79,1910075,53
2025-03-24,107,123,96,1541345,65
2025-03-25,118,123,102,1710049,74
2025-03-26,106,150,109,1735340,67
2025-03-27,65,77,61,1118960,25
2025-03-28,98,161,97,1980388,60
2025-03-29,119,195,88,3317277,82
2025-03-30,82,109,65,1622665,45
2025-03-31,67,50,38,547080,36
2025-04-01,39,45,35,574920,35
2025-04-02,37,65,55,939260,34
2025-04-03,70,99,72,1187310,53
2025-04-04,85,152,97,2426660,74
2025-04-05,57,132,73,2078870,56
2025-04-06,19,40,20,804440,18
2025-04-07,66,88,56,1222990,54
2025-04-08,71,85,61,1061980,57
2025-04-09,64,105,68,1339560,51
2025-04-10,53,77,68,977760,47
2025-04-11,31,69,55,1073640,31
2025-04-12,68,183,108,3372780,67
2025-04-13,71,130,75,2037260,66
2025-04-14,54,93,78,1221276,48
2025-04-15,53,145,75,2318970,46
2025-04-16,63,124,92,1932340,56
2025-04-17,51,98,81,1303700,44
2025-04-18,55,159,88,2464815,52
2025-04-19,85,167,110,2532990,83
2025-04-20,48,91,65,1293400,40
2025-04-21,59,125,87,1600670,49
2025-04-22,60,72,53,1006340,50
2025-04-23,81,148,109,1873260,63
2025-04-24,74,139,98,1772630,57
2025-04-25,54,134,82,2013290,48
2025-04-26,76,169,99,2628550,73
2025-04-27,61,136,79,2138290,56
2025-04-28,58,109,68,1760230,52
2025-04-29,58,112,69,1879080,52
2025-04-30,61,151,97,2163090,57
2025-05-01,66,131,82,2266540,62
2025-05-02,74,158,99,2526080,72
2025-05-03,161,295,140,5770777,137
2025-05-04,141,312,138,6081076,119
2025-05-05,57,135,61,3144930,51
2025-05-06,38,47,30,822530,30
2025-05-07,55,78,63,954600,49
2025-05-08,70,126,93,1566470,59
2025-05-09,67,89,69,1164180,66
2025-05-10,34,142,69,2888500,32
2025-05-11,40,65,36,1194790,35
2025-05-12,69,89,86,1423114,59
2025-05-13,65,97,73,1220374,55
2025-05-14,65,101,90,1566220,53
2025-05-15,38,83,68,1297980,29
2025-05-16,59,162,114,2482090,58
2025-05-17,84,272,144,3960360,84
2025-05-18,34,107,77,1740510,32
2025-05-19,66,95,82,1428190,52
2025-05-20,80,117,95,1880070,66
2025-05-21,68,88,79,994530,55
2025-05-22,74,98,88,1200930,63
2025-05-23,52,92,71,1304077,52
2025-05-24,73,123,89,2076726,69
2025-05-25,52,109,91,1502146,44
2025-05-26,72,121,105,1723370,60
2025-05-27,61,82,57,1024640,52
2025-05-28,29,90,56,1096310,20
2025-05-29,67,85,83,969860,57
2025-05-30,47,79,69,1252410,41
2025-05-31,55,84,75,1584370,53
2025-06-01,65,122,88,1529440,57
2025-06-02,72,118,86,1227430,59
2025-06-03,77,98,72,1294417,65
2025-06-04,43,43,40,349180,35
2025-06-05,60,127,95,1402950,57
2025-06-06,37,91,64,1401400,37
2025-06-07,51,147,73,2712510,50
2025-06-08,43,114,70,1533290,42
2025-06-09,49,86,65,1047850,48
2025-06-10,52,112,77,1110880,48
2025-06-11,47,69,53,711070,43
2025-06-12,62,146,98,1460650,58
2025-06-13,31,69,53,1081440,30
2025-06-14,39,83,42,1629800,38
2025-06-15,53,103,66,1416864,41
2025-06-16,71,108,77,1246700,56
2025-06-17,63,61,53,908800,52
2025-06-18,67,115,85,1053920,54
2025-06-19,66,111,82,1142680,53
2025-06-20,46,81,67,1478010,46
2025-06-21,45,86,45,1713677,45
2025-06-22,32,203,107,3060150,32
2025-06-23,37,97,57,1355980,37
2025-06-24,45,72,70,904920,45
2025-06-25,38,40,37,670280,37
2025-06-26,58,139,101,1692110,55
2025-06-27,91,145,97,1742190,82
2025-06-28,91,223,121,3372205,84
2025-06-29,73,120,74,1750940,54
2025-06-30,78,103,70,1129120,47
2025-07-01,111,124,NaN,1387600,72
2025-07-02,101,120,89,1356040,68
2025-07-03,95,120,89,1334760,70
2025-07-04,63,96,63,1292530,59
2025-07-05,60,102,57,1725030,55
2025-07-06,67,117,72,1737855,46
2025-07-07,73,62,53,934570,50
2025-07-08,90,68,65,716820,63
2025-07-09,110,75,64,906970,61
2025-07-10,120,134,98,1615760,73
2025-07-11,99,101,76,1517645,71
2025-07-12,79,109,60,1689130,53
2025-07-13,86,96,61,1677170,57
2025-07-14,95,83,69,1239960,65
2025-07-15,86,102,84,1450770,54
2025-07-16,99,120,91,1517380,63
2025-07-17,234,156,120,1840010,78
2025-07-18,222,144,93,2060200,80
2025-07-19,265,292,136,4583158,128
2025-07-20,234,269,127,4133065,112
2025-07-21,189,122,69,1554879,64
2025-07-22,244,129,99,1669200,89
2025-07-23,251,131,99,1735151,94
2025-07-24,246,124,101,1601648,92
2025-07-25,225,171,98,2412690,90
2025-07-26,218,217,101,3443466,91
2025-07-27,200,158,76,2110990,69
2025-07-28,235,165,108,2050258,93
2025-07-29,238,187,125,2384730,114
2025-07-30,196,140,101,1272580,90
2025-07-31,169,187,105,2196984,89
2025-08-01,191,271,125,4402640,118
2025-08-02,169,264,125,4102228,111
2025-08-03,147,207,91,2821145,73
2025-08-04,156,116,81,1766498,75
2025-08-05,163,127,79,1659188,75
2025-08-06,154,112,73,1337548,68
2025-08-07,150,125,76,1900671,72
2025-08-08,142,206,106,2476629,92
2025-08-09,122,239,120,4437671,107
2025-08-10,136,302,132,5544686,123
2025-08-11,97,216,106,4258326,90
2025-08-12,88,190,86,3974860,79
2025-08-13,105,223,109,4270234,93
2025-08-14,116,266,119,5689322,97
2025-08-15,87,184,78,3725210,75
2025-08-16,98,233,111,3658910,91
2025-08-17,49,111,46,1781758,44
2025-08-18,82,112,78,1542961,53
2025-08-19,105,144,69,1648451,67
2025-08-20,108,128,78,1765790,75
2025-08-21,96,103,73,1429050,66
2025-08-22,63,89,49,1302312,49
2025-08-23,96,145,84,2427110,82
2025-08-24,62,98,75,1647293,52
2025-08-25,62,80,79,905576,54
2025-08-26,68,141,94,1010670,61
2025-08-27,63,75,54,716650,54
2025-08-28,159,135,109,1522150,98
2025-08-29,77,113,63,1499270,56
2025-08-30,94,155,80,2563370,78
2025-08-31,79,126,76,1763800,59
2025-09-01,107,134,99,1495546,71
2025-09-02,107,101,82,1008520,69
2025-09-03,114,132,96,1241247,71
2025-09-04,113,142,104,1390248,76
2025-09-05,41,60,34,1111170,26
2025-09-06,126,259,124,3549560,110
2025-09-07,83,129,77,1792730,60
2025-09-08,114,139,99,1509530,73
2025-09-09,125,124,95,1764850,90
2025-09-10,106,147,97,1725826,71
2025-09-11,82,112,71,1420598,42
2025-09-12,78,100,68,1471363,61
2025-09-13,107,189,103,3100903,97
2025-09-14,74,160,84,2731078,64
2025-09-15,47,72,51,923050,37
2025-09-16,85,106,88,1130990,68
2025-09-17,106,151,119,1889580,85
2025-09-18,80,107,81,1138740,61
2025-09-19,59,143,78,1766975,57
2025-09-20,72,155,99,2419700,70
2025-09-21,61,120,74,1943970,59
2025-09-22,51,87,65,904490,41
2025-09-23,64,85,62,1130501,50
2025-09-24,81,144,107,1824934,66
2025-09-25,139,165,129,2152154,92
2025-09-26,133,153,123,2035110,84
2025-09-27,110,184,118,3395685,90
2025-09-28,63,125,79,1791567,56
2025-09-29,66,208,123,2649951,64
2025-09-30,73,105,78,1105070,54
2025-10-01,95,119,85,1694830,70
2025-10-02,112,145,103,1627840,84
2025-10-03,89,99,66,1477090,63
2025-10-04,95,181,101,3026730,72
2025-10-05,72,120,72,1715830,51
2025-10-06,88,123,93,1956670,57
2025-10-07,100,127,86,1784770,66
2025-10-08,100,119,86,1557752,74
2025-10-09,79,87,63,1008660,58
2025-10-10,69,97,64,1318670,61
2025-10-11,98,179,110,3350830,88
2025-10-12,84,200,107,3459060,79
2025-10-13,27,104,78,1528260,27
2025-10-14,46,87,69,1313510,45
2025-10-15,46,102,81,1721730,45
2025-10-16,51,116,68,1619610,48
2025-10-17,92,191,125,2204650,75
2025-10-18,100,164,105,2406200,81
2025-10-19,71,147,83,2052254,56
2025-10-20,77,139,107,2121740,69
2025-10-21,71,137,99,1972535,59
2025-10-22,55,104,79,1530850,45
2025-10-23,66,144,100,1847080,60
2025-10-24,61,124,82,1672780,54
2025-10-25,78,178,112,2767870,74
2025-10-26,44,120,72,1929744,44
2025-10-27,62,104,84,1800885,58
2025-10-28,67,131,76,1766080,62
2025-10-29,60,105,71,1149590,58
2025-10-30,53,138,108,2100810,53
2025-10-31,66,129,77,2087190,62
2025-11-01,94,167,89,3207556,85
2025-11-02,88,158,79,3101345,75
2025-11-03,43,58,36,1030220,36
2025-11-04,52,97,65,1744520,46
2025-11-05,73,102,73,1973860,65
2025-11-06,74,119,99,1549910,71
2025-11-07,60,114,77,1938840,57
2025-11-08,71,245,128,3875895,70
2025-11-09,29,53,31,1053610,28
2025-11-10,52,71,52,1437010,52
2025-11-11,57,73,57,1499050,57
2025-11-12,49,60,49,1358870,49
2025-11-13,114,199,130,3090150,73
2025-11-14,132,236,134,3672489,98
2025-11-15,122,252,124,4735425,91
2025-11-16,131,198,112,3965050,91
2025-11-17,173,190,129,3452471,100
2025-11-18,149,156,106,2538360,79
2025-11-19,168,182,120,3231906,93
2025-11-20,162,191,131,2878550,92
2025-11-21,125,225,138,4025471,122
2025-11-22,111,252,148,5391872,101
2025-11-23,103,267,141,5483611,98
2025-11-24,87,169,96,2894405,76
2025-11-25,76,180,119,2549560,73
2025-11-26,66,164,123,2209355,65
2025-11-27,100,150,118,2540315,97
2025-11-28,75,161,114,2833375,74
2025-11-29,72,240,131,4786816,71
2025-11-30,85,151,83,2736555,71
2025-12-01,126,127,87,1737315,62
2025-12-02,54,151,108,2116215,54
2025-12-03,49,126,98,1775744,49
2025-12-04,51,170,106,2356020,49
2025-12-05,57,174,93,3359840,57
2025-12-06,67,191,104,4750420,67
2025-12-07,43,110,70,1739142,41
2025-12-08,49,107,66,1640380,39
2025-12-09,46,144,99,1991710,45
2025-12-10,34,70,53,888520,32
2025-12-11,34,101,82,1635890,34
2025-12-12,49,135,84,2633854,44
2025-12-13,57,165,96,3435330,56
2025-12-14,30,123,74,2242530,28
2025-12-15,41,103,75,1698860,34
2025-12-16,45,104,80,1427326,45
2025-12-17,32,54,50,541995,31
2025-12-18,42,72,57,913401,42
2025-12-19,24,89,60,1479100,24
2025-12-20,41,99,45,2478218,40
2025-12-21,22,57,37,1108750,22
2025-12-22,44,55,45,944002,30
2025-12-23,31,90,71,1430862,31
2025-12-24,22,61,54,741042,21
2025-12-25,34,60,46,673882,31
2025-12-26,53,143,86,2246261,44
2025-12-27,71,195,106,3408288,57
2025-12-28,55,160,75,3588155,52
2025-12-29,40,136,55,3735419,40
2025-12-30,23,92,47,2649061,23
2025-12-31,58,152,76,4209094,47
2026-01-01,33,96,39,2852260,29
2026-01-02,35,100,40,2682130,33
2026-01-03,28,83,34,2157575,26
2026-01-04,4,14,9,294150,4
2026-01-05,11,28,11,644441,11
2026-01-06,5,12,26,146256,4
2026-01-07,19,55,36,1324515,19
2026-01-08,13,26,33,650640,12
2026-01-09,15,70,56,1117710,15
2026-01-10,19,86,32,1498000,18
2026-01-11,28,81,33,2218480,28
2026-01-12,9,24,10,578860,9
2026-01-13,6,41,24,539000,6
2026-01-14,20,28,17,289150,17
2026-01-15,20,55,36,625086,20
2026-01-16,16,56,34,626010,16
2026-01-17,22,43,42,993584,22
2026-01-18,18,42,39,582600,17
2026-01-19,6,25,47,413180,6
2026-01-20,6,18,10,244090,5
2026-01-21,3,11,7,202470,3
2026-01-22,5,11,5,291780,5
2026-01-23,18,83,40,1353770,18
2026-01-24,15,56,27,573210,13
2026-01-25,12,33,15,623320,12
2026-01-26,7,14,7,207998,7
2026-01-27,9,83,46,1177430,9
2026-01-28,13,37,27,999380,13
2026-01-29,3,38,20,560560,3
2026-01-30,9,46,19,816900,9
2026-01-31,14,33,17,467830,14
2026-02-01,6,40,13,636420,6
2026-02-02,2,7,3,56720,2
2026-02-03,3,66,35,980600,3
2026-02-04,2,29,9,405900,2
2026-02-05,3,9,23,122320,2
2026-02-06,1,10,23,211200,1
2026-02-07,18,102,43,1891690,18
2026-02-08,3,6,3,89100,3
2026-02-09,1,30,16,416900,1
2026-02-10,5,41,36,581284,5
2026-02-11,10,15,9,502120,9
2026-02-12,3,6,4,250140,3
2026-02-13,6,17,7,219285,6
2026-02-14,9,74,23,798380,9
2026-02-15,9,35,11,174460,6
2026-02-16,6,3,3,25960,1
2026-02-17,4,9,7,336760,4
2026-02-18,3,13,6,204160,3
2026-02-19,7,43,23,938920,7
